,past_power,cur_power,prop_power,prop_ratio,actual_ratio,val_ratio,val_difference
0,469.59703826955047,222.59246733668328,162.0,0.6550233779221337,0.5259926081371187,0.19698651091557473,0.12903076978501504
